,# barcodes,Fitness,Fitness in CHX,PAM30,WT,Position,Mutation,"PSSM, WT","PSSM, Mut",PSSM Difference
G37V,4,0.09,6.82,-5,G,37,V,7,-5,-12
G37R,3,-7.92,4.37,-9,G,37,R,7,-4,-11
Q38P,3,-0.25,8.15,-3,Q,38,P,5,-4,-9
Q38H,11,0.47,8.09,1,Q,38,H,5,-2,-7
Q38L,17,0.54,7.12,-5,Q,38,L,5,3,-2
Q38E,3,1.06,6.86,1,Q,38,E,5,0,-5
Q38K,3,-0.64,6.09,-3,Q,38,K,5,-2,-7
Q38R,17,-1.47,5.85,-2,Q,38,R,5,-2,-7
H39L,6,0.26,7.71,-6,H,39,L,9,-4,-13
H39Q,21,0.65,7.62,1,H,39,Q,9,1,-8
H39R,10,0.54,7.50,-2,H,39,R,9,-2,-11
H39Y,8,-0.19,6.88,-3,H,39,Y,9,0,-9
H39D,3,-0.79,5.42,-4,H,39,D,9,-2,-11
G54S,13,-1.43,6.29,-2,G,54,S,7,-2,-9
G54A,3,-0.96,4.37,-2,G,54,A,7,-1,-8
K55M,20,0.14,7.37,-2,K,55,M,7,-3,-10
K55R,15,0.67,7.31,0,K,55,R,7,1,-6
K55N,17,0.42,5.09,-1,K,55,N,7,-2,-9
K55E,8,0.64,4.32,-4,K,55,E,7,0,-7
M58I,15,1.01,3.33,-1,M,58,I,9,2,-7
R59S,12,0.81,4.95,-3,R,59,S,7,-2,-9
R59I,7,0.97,4.73,-5,R,59,I,7,-5,-12
D85G,7,-0.33,3.55,-3,D,85,G,4,-3,-7
A94V,4,0.90,3.59,-2,A,94,V,0,-4,-4
I102M,3,-0.05,3.45,-1,I,102,M,6,0,-6
V145L,3,0.73,3.78,-2,V,145,L,2,-2,-4